{
  "version": 1,
  "author": "Anonymous maker",
  "editor": "wokwi",
  "parts": [
    { "type": "board-esp32-devkit-c-v4", "id": "esp", "top": 0, "left": 0, "attrs": {} },
    { "type": "wokwi-hc-sr04", "id": "ultrasonic1", "top": -46.5, "left": -186.5, "attrs": {} }
  ],
  "connections": [
    [ "esp:TX", "$serialMonitor:RX", "", [] ],
    [ "esp:RX", "$serialMonitor:TX", "", [] ],
    [ "esp:5V", "ultrasonic1:VCC", "red", [ "h0" ] ],
    [ "esp:GND.1", "ultrasonic1:GND", "black", [ "h0" ] ],
    [ "ultrasonic1:ECHO", "esp:25", "green", [ "v0" ] ],
    [ "ultrasonic1:TRIG", "esp:26", "green", [ "v0" ] ]
  ],
  "dependencies": {}
}